T,n_soc,ms
24,101,0.25259
48,101,0.499122
96,101,0.99525
168,101,1.75245
336,101,3.5256
720,101,7.597
1440,101,15.357
2880,101,30.863
