T,n_soc,ms
168,26,0.123593
168,51,0.490304
168,101,1.7643
168,201,6.34364
168,401,23.9228
168,801,93.19
168,1601,369.26
