T,n_soc,ms
168,26,0.123209
168,51,0.488565
168,101,1.75783
168,201,6.41536
168,401,24.0464
168,801,94.1975
168,1601,365.7
