T,n_soc,ms
24,101,0.255193
48,101,0.499171
96,101,0.9958
168,101,1.76082
336,101,3.549
720,101,7.674
1440,101,15.442
2880,101,31.092
